Company,Stage,Funding / Backing,HQ,Size,What They Do,AI Focus,Recent (2025-26),Website,# Roles
Adobe,public (NASDAQ: ADBE),Public; FY2025 revenue ~$22-23B,"San Jose, CA (NYC office for these roles)","~30,000 employees","Creative, document, and experience-cloud software leader","Firefly generative AI, Acrobat AI Assistant, AI in Creative Cloud and Experience Cloud; heavy push into agentic and forward-deployed AI",2025-2026: expanded Firefly models and Acrobat/Express AI; growing 'forward-deployed' AI PM org to embed AI with enterprise customers,https://www.adobe.com,3
Adonis,Growth startup (Series C),"$40M Series C (Mar 2026, Quadrille Capital lead; General Catalyst, Point72 Ventures, Bling). ~$95M total raised",New York City,~150-250 (rapidly hiring),"AI orchestration platform for healthcare revenue cycle management (RCM) - automating claims, eligibility, denials","'Intelligence, AI Agents, and Orchestration' platform; AI agents automating RCM workflows","2026 $40M Series C; 4x revenue growth in 2025, net retention >130%",adonis.io,1
"Aledade, Inc.","growth (late-stage private, last valued ~$3.5B+)","Backed by Venrock, ARCH, OMERS, Lightspeed, Avidity; secured $500M credit facility (Dec 2024); hit $1B revenue and profitability in 2025","Bethesda, MD (remote-friendly)","~1,500+ employees",Physician-led value-based care company that helps independent primary-care practices succeed in ACOs and value-based contracts.,"AI/data platform for risk stratification, care-gap closure and population-health analytics across 3,000+ practices and 3M+ patients.",Added 700+ practices for 2026; $1B revenue and profitability in 2025; $500M credit facility to fund expansion.,https://aledade.com,1
Alvarez & Marsal,Large private professional-services firm (mature),"Private, partner-owned; ~$3.3B annual revenue","New York, NY","11,500+ across 90+ offices","Global management consulting — turnaround/restructuring, performance improvement, transformation, disputes","~20% of revenue AI-driven, targeting 50% by 2028; global AI board; hiring up to 200 AI-skilled staff",Major AI capability expansion and global AI board announced (2026),https://www.alvarezandmarsal.com,1
Amazon,Public (NASDAQ: AMZN),Public; >$600B annual revenue.,"Seattle, WA (NYC ad-tech & tech hubs)",~1.5M+ employees,"E-commerce, cloud (AWS), advertising, and devices conglomerate.","Bedrock/Nova foundation models, advertising AI (measurement, MMM), agentic AI, and identity/authorization infra for AI agents.",Expanding Ads AI infrastructure and agent identity/authorization work (2025-2026); broad GenAI rollout across Ads and AWS.,https://www.amazon.com,3
Amazon Web Services (AWS),"public (part of Amazon, NASDAQ: AMZN)",public; AWS is the leading cloud platform (~$100B+ annualized revenue),"Seattle, WA (NYC offices)",Amazon ~1.5M+ employees; AWS tens of thousands,"World's largest cloud computing platform (compute, storage, databases, AI/ML, security).","Bedrock (foundation models), Amazon Q, SageMaker, AI agents, and AI across the platform; AWS Support & Operations tooling.","Continued GenAI buildout (Bedrock agents, Amazon Q) and operational/support AI through 2025-2026.",https://aws.amazon.com,1
Appian,Public (NASDAQ: APPN),"Public; FY2025 revenue $726.9M (+18% YoY), cloud subs $437.4M","McLean, VA","~2,300+",AI-powered low-code process automation/orchestration platform for enterprises,"Agent Studio (build/govern AI agents in workflows), AI Skills, DocCenter (intelligent document processing)",2025: launched Agent Studio + AI Document Center; $1M+ customers grew 50%; Gartner MQ leader,appian.com,1
Applecart,growth (private equity-backed),"Total ~$118M over 5 rounds; $100M Series C from Blackstone Growth (Dec 2025); earlier backers include Endeavor, Henry Kravis, Bain Future Back Ventures","New York, NY",~150-250 employees,Relationship-based marketing/ad-tech company that maps tens of billions of social relationships to target decision-makers and their influential networks.,"Proprietary social-graph data science and measurement; relationship mapping and decision-maker marketing across political, corporate and nonprofit sectors.",$100M Series C from Blackstone (Dec 2025) to scale its marketing-technology platform.,https://applecart.co,1
Asana,Public (NYSE: ASAN),Public (IPO 2020 direct listing),"San Francisco, CA","~1,767",Cloud work-management platform built on the proprietary 'Work Graph',"AI Studio (no-code AI workflow builder), AI Teammates (collaborative agents using Work Graph context); acquired Stack AI ($75M)",Acquired Stack AI (first acquisition in 18 yrs) and launched AI Teammates (2025),https://asana.com,1
Bain & Company,private (global management consulting partnership),private; top-tier strategy consulting firm,"Boston, MA (NYC office)","~19,000+ employees","Global management consultancy advising on strategy, operations, M&A and transformation.",Bain's AI/innovation practice; building internal & client-facing AI products and tools (Bain AI alliance with OpenAI).,Expanded GenAI services and internal product/innovation capabilities through 2025.,https://www.bain.com,1
BlackRock,Public (NYSE: BLK),Public; world's largest asset manager (~$11-12T AUM),New York City,"~21,000-23,000",Investment management; Aladdin is its end-to-end portfolio/risk software licensed to institutions,Aladdin Copilot (GenAI); Aladdin AI team; Aladdin Studio developer tooling/APIs,Oct 2025: Aladdin Wealth AI 'Auto Commentary' (Morgan Stanley first client); Snowflake partnership,blackrock.com/aladdin,3
Bloomberg,"Private (large, profitable; founder-controlled)",Privately held by Bloomberg L.P.; ~$12B+ annual revenue. Not VC-funded.,"New York, NY","~21,000+ employees","Financial data, news, and analytics; flagship Bloomberg Terminal for markets professionals.","BloombergGPT/finance LLMs, GenAI developer platform, AI-ready data, document & content extraction across the Terminal and enterprise data products.",Building out a GenAI Developer Platform and 'AI-Ready Data' initiatives in the CTO Office (2025-2026) to embed LLMs across Terminal workflows.,https://www.bloomberg.com,8
Bluehost,private (brand of Newfold Digital),Owned by Newfold Digital (PE-backed by Clearlake & Siris); not separately funded,"Remote / Newfold (HQ Jacksonville, FL & Burlington, MA)",Newfold serves ~7M customers; thousands of employees across brands,Web hosting & domain platform for SMBs (part of Newfold's brand portfolio),"AI-powered SaaS for SMBs: WonderSuite AI website builder, AI site optimization; building an AI-driven platform on Oracle Cloud",2025: migrated to Oracle Cloud Infrastructure (4-5x response improvements) and appointed new CTO/CMO/CFO to accelerate AI-powered SaaS,https://www.bluehost.com,1
BNY,"Public (NYSE: BK), America's oldest bank",Public; investing billions in tech/AI,"New York, NY","~50,000+","Global custody bank and financial-infrastructure provider (asset servicing, treasury, payments, securities)","'Eliza' internal agent-building platform (125+ live use cases, 134 'digital employees'); OpenAI and Google Cloud (Gemini Enterprise) partnerships; 20,000 employees building agents",Gemini Enterprise integration (Dec 2025) and Eliza 2.0 / 'digital employees' scale-up (2025-26),https://www.bny.com,5
Brex,"Growth (late-stage; ~$12.3B valuation, pending acquisition by Capital One)","Raised $1.5B+ equity; last priced at ~$12.3B (2022). Agreed to be acquired by Capital One for ~$5.15B (2026). Investors: Greenoaks, DST, Kleiner Perkins, Ribbit, YC.","New York, NY (and SF)","~1,200 employees","Modern finance platform: corporate cards, business accounts, and AI-powered spend management for startups and enterprises.","AI-powered spend management, agentic finance workflows, automated expense/compliance, and embedded AI assistants.",Announced ~$5.15B acquisition by Capital One (2026); became operating-cash-flow positive (late 2025) and expanded into the EU/UK.,https://www.brex.com,1
Bubble,Growth startup (Series A; mature/profitable-leaning),"~$106M total; $100M Series A (2021, Insight Partners)",New York City (remote-friendly),~150-250,No-code/AI app builder for web & mobile - lets non-engineers build full-stack apps,AI Agent dev assistant (builds pages in app's design system); native mobile; GenAI app-generation,Nov 2025: major AI Agent enhancements (generates new pages in established style); native mobile + 50% faster DB,bubble.io,1
Burtch Works,private (executive recruiting / staffing firm),Private; recruiting firm (not the hiring employer),"Chicago, IL (national)",~50-100 employees,"Specialized recruiting firm placing data science, analytics, AI/ML and quant talent; this posting is on behalf of a client company.","Recruiting for AI/ML, data science and analytics roles; the actual product role belongs to an unnamed client.",Continues to publish AI/data-science salary and market reports (2025).,https://burtchworks.com,1
Capital One,Public (NYSE: COF),Public; ~$40B+ annual revenue. Acquired Discover (2025) and agreed to acquire Brex (2026).,"McLean, VA (large NYC tech presence)","~50,000+ employees",Diversified bank and credit-card issuer with a large in-house technology org.,"Enterprise AI/ML platforms, agentic AI for customer assistance, developer productivity, and data products; cloud-native ML at scale.",Completed ~$35B Discover acquisition (2025) and announced ~$5.15B Brex acquisition (2026); heavy investment in enterprise/agentic AI.,https://www.capitalone.com,5
Cedar,Late-stage private,"$200M Series D (Mar 2021, Tiger Global-led); ~$350M+ total raised; ~$3.2B valuation (2021)","New York, NY",~819,Patient financial engagement / billing & payments platform for hospitals and health systems,"AI/ML for personalized patient billing engagement, payment optimization and resolution; engages 300k+ patients/day",Continued leadership in patient financial engagement; no major new round since Series D (2025-26),https://www.cedar.com,1
Circle,"Public (NYSE: CRCL, IPO June 2025)","Public; IPO raised ~$1.1B, surged ~168% on debut; 2024 revenue+reserve income ~$1.68B","New York, NY (One World Trade Center)","~1,000+",Stablecoin issuer (USDC) and full-stack platform for internet-native finance,"Programmable money / developer APIs, wallets, payment rails; emerging agentic-commerce / AI-agents-that-transact thesis",Successful NYSE IPO (June 2025) amid favorable stablecoin regulation,https://www.circle.com,3
Cockroach Labs,growth (late-stage private),"~$633M total raised; Series F $278M (Dec 2021) at $5B valuation; investors Benchmark, GV, Sequoia, Index, Tiger, Altimeter","New York, NY",~700-725 employees,"Maker of CockroachDB, a distributed cloud-native SQL database","Database infrastructure underpinning AI/agent apps; reliability, scale, and Postgres compatibility for modern (incl. AI) workloads","Oct 2025: OEM partnership with IBM to deliver CockroachDB across IBM Z, LinuxONE, Power, OpenShift, and IBM Cloud",https://www.cockroachlabs.com,2
Compass,public (NYSE: COMP),public; record 2025 revenue & adj. EBITDA; Sept 2025 agreed all-stock merger with Anywhere Real Estate,"New York, NY","~3,000+ corporate employees (largest US residential brokerage by volume)","Tech-enabled residential real estate brokerage with a custom software suite for agents (CRM, marketing, client tools).",Compass AI: voice-activated AI assistant for agents; Buyer Demand tool surfacing buyer interest from millions of saved searches.,June 2025 next-phase Compass AI (proactive voice assistant); Sept 2025 merger agreement with Anywhere Real Estate.,https://www.compass.com,3
CoreWeave,public (NASDAQ: CRWV),IPO March 2025 ($1.5B raised); ~$28B equity+debt raised in 12 months; FY2025 revenue $5.13B (+170% YoY),"Livingston, NJ","~1,450+ employees",AI hyperscaler — GPU cloud infrastructure for AI/HPC workloads,"The 'essential cloud for AI': GPU clusters, AI training/inference infra, data-center and managed services for AI labs and enterprises",2026: scaled to 43+ data centers and 850MW+ active power; aggressive financing and capacity expansion,https://www.coreweave.com,3
Cornerstone Research,private (economic consulting firm),private,"San Francisco, CA / Boston, MA (NYC office)","~1,000+ professionals across 9 offices (US, UK, EU)",Economic & financial consulting providing analysis and expert testimony for complex litigation and regulatory matters.,Applying data science/AI to litigation analytics and internal tooling; building software products to support case teams.,Feb 2026 promotions of senior professionals; continued investment in technology/data capabilities.,https://www.cornerstone.com,1
CrowdStrike,public (NASDAQ: CRWD),"Public; ~$4B+ ARR, leading cybersecurity vendor","Austin, TX (role in NYC)","~10,000+ employees","Cloud-native cybersecurity platform (Falcon) for endpoint, cloud, identity, and threat protection","Charlotte AI (agentic SOC), Falcon AI Detection & Response (AIDR) to secure the AI attack surface, ML-driven threat detection",Dec 2025: GA of Falcon AIDR to secure AI prompts/agents and Charlotte AI Detection Triage (agentic security operations),https://www.crowdstrike.com,1
D. E. Shaw Research,Private (independent research lab affiliated with David Shaw),Privately funded research lab; not VC-backed.,"New York, NY",~150-300 employees (est.),Computational biochemistry lab developing supercomputing (Anton) and ML for drug discovery and molecular simulation.,"Machine learning / deep learning for molecular dynamics, protein-ligand modeling, and drug discovery; custom ML platforms.",Continued development of Anton supercomputers and ML methods for molecular simulation; expanding ML program/product roles (2025-2026).,https://www.deshawresearch.com,1
Daloopa,Growth startup (Series C),"$47M Series C (May 2026, Brighton Park Capital; Nexus, Squarepoint). ~$84M total",New York City,~100-200,"AI-powered fundamental financial-data infrastructure for institutional investors (structures financials for ~5,000 public cos)",Data extraction/structuring AI; MCP integration to feed AI systems accurate financial data,2026 $47M Series C to scale data infra for production AI-finance workflows,daloopa.com,1
Databricks,"Growth (late-stage pre-IPO, ~$100B+ valuation)","Raised $10B+ Series J (2024-2025); valued ~$62B then ~$100B+ (2025). Investors: Thrive, a16z, DST, GIC, Wellington.","San Francisco, CA","~7,000+ employees","Data + AI platform (Lakehouse) for data engineering, analytics, and ML/AI at scale.","Mosaic AI, Agent Bricks, model training/serving, and GenAI tooling on the Lakehouse; acquired MosaicML, Tabular, and others.",Continued $100B+ valuation rounds and heavy push into agentic AI / Agent Bricks (2025-2026).,https://www.databricks.com,2
Datadog,public (NASDAQ: DDOG),public; FY2025 revenue ~$3.43B (+28% YoY),"New York, NY","~7,000-8,000 employees","Cloud-scale observability & security monitoring platform for infrastructure, applications, logs and security.","LLM/Agent Observability, AI Guard, Sensitive Data Scanner, GPU monitoring, Model Lab, AI & Data Security; observability for AI agents and LLM apps.","Q1 2026 first quarter LLM Observability materially contributes to billings; AI Agent Monitoring GA, LLM Experiments & AI Agents Console in preview.",https://www.datadoghq.com,12
dbt Labs,growth (late-stage private; merging with Fivetran),"$416M+ total over 5 rounds; ~$4.2B valuation (2022 Series D); backers a16z, Sequoia, Salesforce Ventures, GIC; surpassed $100M revenue (Feb 2025)","Philadelphia, PA (remote-first)",~600+ employees,"Maker of dbt, the standard data-transformation framework that lets analysts build, test and document data pipelines in SQL.","AI-ready data, dbt Fusion engine (Rust rewrite), developer tooling and the dbt MCP/AI integrations for analytics workflows.",Launched dbt Fusion engine (May 2025); announced all-stock merger with Fivetran (Oct 2025) to form a ~$600M-revenue data company.,https://getdbt.com,1
Decagon,Growth-stage startup (fast-scaling),"$250M Series D at $4.5B val; prior $131M Series C at $1.5B (Accel, a16z Growth); ~$481M total raised","San Francisco, CA",low hundreds (50+ in London hub),Agentic AI platform for customer support/CX — autonomous 'concierge' agents that resolve issues end to end,"Personalized, autonomous customer-support AI agents for enterprises and consumers","$250M Series D, valuation tripled to $4.5B (2025-26)",https://decagon.ai,1
Digital Asset,"Growth (late-stage, well-funded)","Raised $135M (June 2025, led by DRW & Tradeweb) and ~$355M (2026, led by a16z crypto); ~$540M+ total. Investors: Goldman Sachs, Citadel Securities, DTCC, BNP Paribas, Circle Ventures, BNY, Nasdaq.","New York, NY",~300-400 employees (est.),"Builds Canton Network, a privacy-enabled public blockchain for institutional/regulated finance, plus the Daml smart-contract language.","Limited direct AI; focus is institutional on-chain infrastructure (tokenization, settlement). Some AI in developer tooling.",Raised ~$355M (2026) led by a16z crypto at ~$2B valuation to scale Canton Network adoption with Wall Street institutions.,https://www.digitalasset.com,3
Diligent,growth (PE-backed private),"private; ~$9.8B raised/financed; backers incl. New Mountain Capital, Blue Owl, Golub, Morgan Stanley Private Credit, Ares","New York, NY","~2,000-3,000 employees; 1M+ users, 25,000+ organizations","AI-powered governance, risk & compliance (GRC) SaaS platform serving boards and enterprises.",Full-suite AI-native GRC (Diligent One); launched AI Board Member and Agentic GRC Workforce; acquired 3rdRisk for AI-native third-party risk.,2026 Elevate launch of AI Board Member & agentic GRC; Leader in 2025 Gartner GRC Magic Quadrant; 3rdRisk acquisition.,https://www.diligent.com,1
DoorDash,Public (NASDAQ: DASH),Public,San Francisco,"~31,400 (plus Dasher network)","Local-commerce/delivery marketplace expanding into grocery, retail, and in-store","AI merchant onboarding, AI menu 'smart tags', AI-built merchant websites, AI ads/personalization",Dash Forward 2025: 'Going Out' (in-store rewards + reservations in-app); new AI merchant tools,doordash.com,3
DoubleVerify,Public (NYSE: DV),Public,New York City,"~1,200-1,400","Digital ad verification/measurement - brand safety, fraud detection, viewability, ad performance","Scibids AI (ad optimization, acquired 2023); combining with Rockerbox attribution data",March 2025: closed ~$85M acquisition of Rockerbox (marketing attribution/MTA/MMM),doubleverify.com,2
Dow Jones,"public (subsidiary of News Corp, NASDAQ: NWSA)","Part of News Corp (public); Dow Jones at record revenue, targeting $1B EBITDA in 5 yrs","New York, NY","~8,000+ employees","Business news & data publisher (WSJ, Barron's, Factiva, Dow Jones Pro)","AI content-licensing marketplace (Factiva, ~5,000 publishers), $250M OpenAI deal, AI as 'accelerant' for products and subscriptions","2025-2026: digital subs surpassed 6M; expanded AI licensing deals (OpenAI, Meta) and AI-driven products",https://www.dowjones.com,1
Duolingo,public (NASDAQ: DUOL),Public; ~$15B+ market cap range,"Pittsburgh, PA (NYC office)","~1,000+ employees",Mobile-first language-learning app with gamified courses and a large freemium subscriber base.,"GPT-powered features (Duolingo Max, Video Call/Lily AI tutor), AI-generated content, 'AI-first' company strategy.",2025 'AI-first' company-wide shift; heavy expansion of Duolingo Max GenAI features and AI-generated course content.,https://duolingo.com,2
ECI,Private (PE-owned vertical SaaS),PE-owned (Leonard Green & Partners majority since 2020; Apax minority; new LBO with DryPowder in 2026). Not VC-funded.,"Fort Worth, TX (note: some 'ECI' postings may also refer to ECI/East Coast firms — verify)","~3,000+ employees","Vertical ERP and business-management software for SMBs in manufacturing, distribution, construction, and field services.","Embedding AI/automation into vertical ERP workflows (e.g., quoting, e-commerce, business intelligence).",New buyout/LBO with DryPowder (2026); continued cloud + AI feature investment across vertical ERP suite.,https://www.ecisolutions.com,1
eClerx,Public (NSE/BSE India: ECLERX),Public; revenue ~$415M (FY Mar 2025),"Mumbai, India (US/UK/EU offices)","19,000+","Business process management, automation & analytics ('productized services') for Fortune 2000",AI consulting + execution; among first globally with ISO 42001 responsible-AI certification,2025: ISO 42001 AI-governance certification; named in Forrester AI Consulting Services Landscape Q3 2025,eclerx.com,1
EDO,growth (private equity-backed),"~$92M+ disclosed; Series A led by Breyer Capital (2018), ~$48M growth from Shamrock Capital (2022), reported $80M equity round","New York, NY (Los Angeles roots)",~150-250 employees,"TV outcomes/measurement company providing convergent TV ad measurement, competitive ad intelligence and creative optimization for linear and streaming.","Data, measurement and analytics on TV ad engagement; AI partnerships (e.g. Chalice AI) and audience/outcome optimization.",2025 deals with TelevisaUnivision and Chalice AI to boost regional/streaming TV ad outcomes.,https://edo.com,1
EliseAI,Growth-stage startup (unicorn),"$250M Series E at $2.2B val (Aug 2025, a16z-led; Bessemer, Sapphire, Navitas); ~$383-392M total raised","New York, NY",~599 (hiring aggressively),"Vertical AI automation platform for housing/property management and healthcare — conversational AI for leasing, resident and patient comms",Domain-specific conversational AI agents automating operations across multifamily housing and healthcare,$250M Series E at $2.2B; expansion into healthcare (2025),https://eliseai.com,1
Elite Technology,growth (PE-backed private),private; acquired by Francisco Partners (announced Aug 2025) from TPG/Thomson Reuters,"New York, NY (US)","~1,000+ employees (serves ~2,000 law firms, 75% of Am Law 100)","AI financial-operations platform for law firms (billing, practice/financial management; flagship 3E).",Embedded/native AI across financial operations; cloud-native platform with AI capabilities and native payments.,Aug 2025 acquisition by Francisco Partners; cloud + AI adoption push in top law firms.,https://www.elite.com,1
Ernesta Inc.,growth (early-stage startup),"~$45M total; Series A $25M (2022, Addition), Series B $20M (Mar 2026, Addition/True Ventures)","New York, NY",~50-150 employees (estimate),Direct-to-consumer custom-sized rug company (founded by Peloton co-founders),"Limited public AI focus; tech-forward DTC commerce platform, configurator, and digital home-design tools",Mar 2026: raised $20M Series B to expand retail footprint and technology platform; now largest U.S. custom-rug retailer,https://www.ernesta.com,1
exacare ai,Startup (Series A),"Raised $30M Series A (Oct 2025), led by Insight Partners with Foundation Capital, Bienville Capital. ~$30M+ total.","New York, NY (est.)",~50-100 employees (est.),AI platform for post-acute care (skilled nursing & home care) automating admissions and operations with AI agents.,"AI agents for admissions triage — ingesting unstructured referral packets, extracting clinical data, and matching to facility criteria. Document AI at the core.","Closed $30M Series A (Oct 2025) led by Insight Partners; powers 1,500+ facilities; launching a suite of AI agents.",https://www.exacare.com,1
Executive Talent Solutions,Staffing/recruiting intermediary (NOT the hiring employer),N/A - recruiting boutique; actual employer is an undisclosed fintech client,N/A (multiple firms use this name - verify which one),Recruiting firm (small),Executive search / recruiting firm placing candidates at client companies,N/A (underlying client role is fintech product),N/A,Varies - verify which firm,1
Experian,public (LSE: EXPN),Public; global credit/data company,"Dublin, Ireland / Costa Mesa, CA (US)","~22,000+ employees","Global information-services and credit-bureau company providing credit data, identity, fraud and marketing/ad-tech solutions.","Identity graphs and AdTech identity resolution, fraud/identity ML, Ascend analytics and GenAI-assisted decisioning.",2025 continued investment in identity-graph and privacy-safe AdTech solutions amid cookie deprecation shifts.,https://experian.com,1
FactSet,public (NYSE: FDS),Public; FY2025 revenue ~$2.3B,"Norwalk, CT","~11,200 employees","Financial data, analytics, and workflow software for investment professionals","AI-powered solutions embedded in investment workflows; conversational/generative AI over financial data, AI data solutions and copilots",2025-2026: expanding AI-powered data products and generative-AI assistants across the platform,https://www.factset.com,2
Faire,Late-stage private (IPO warm-up),"$100M Series I (Nov 2025) + $5.2B tender (WCM, Baillie Gifford); ~$1.7B total raised; $5.2B valuation","San Francisco, CA","~1,532",Online wholesale B2B marketplace connecting independent retailers with brands/makers,"AI for discovery, recommendations, merchandising and logistics across the marketplace",$5.2B tender (IPO warm-up) and $100M Series I (Nov 2025),https://www.faire.com,1
FanDuel,"public (subsidiary of Flutter Entertainment, NYSE: FLUT)",Part of Flutter (public); FanDuel is the U.S. market-leading sportsbook,"New York, NY","~4,000+ employees (FanDuel U.S.)",#1 U.S. online sports betting & iGaming operator,"ML for pricing/odds, personalization, search & discovery, responsible-gaming models, and data products powering the betting experience","Dec 2025: launched FanDuel Predicts (prediction-markets app) with CME Group, expanding into 18 non-betting states",https://www.fanduel.com,4
Figma,public (NYSE: FIG),"public; IPO July 2025 at $33/share (~$1.2B raised), ~$68B valuation day-one; 2025 revenue ~$1.06B (+41%)","San Francisco, CA (NYC office)","~1,890 employees; 13M+ users","Collaborative, AI-powered design & product-development platform (Figma Design, Dev Mode, FigJam, Slides).","AI across the platform (Figma AI, Make/code generation, design-to-code); evolving from design tool to AI-powered idea-to-product platform.","July 2025 IPO; ongoing AI feature expansion (Make, design-to-code) and enterprise growth.",https://www.figma.com,1
Finch,growth (Series B startup),~$58M+ total; Series B $40M (General Catalyst & Menlo); 2025 round ~$23.7M led by Redpoint,"San Francisco, CA (role in NYC)",~100-150 employees (estimate),Universal API for payroll and HR systems (employment-data infrastructure),API/data infrastructure; enabling automation (incl. AI agents) over payroll/HR/retirement data rather than first-party AI models,2025: raised ~$23.7M (Redpoint-led); deepened focus on retirement/401(k) and benefits use cases,https://www.tryfinch.com,1
Fintal Partners,Private (boutique trading/quant recruitment firm),Privately held staffing firm; not VC-funded.,"New York, NY / Chicago","Small (~10-50, est.)","Boutique recruitment firm placing elite talent at trading shops, hedge funds, and PE firms (quant, ML, software, hardware).",N/A directly — places ML/AI talent at trading-firm clients (actual role is at an undisclosed client).,Active 2025-2026 placing ML/deep-learning leads at top capital-markets firms.,https://www.fintalpartners.com,1
Fireblocks,Late-stage private (pre-IPO scale),"~$1.04B total; ~$8B valuation (2022 Series E). Investors: Sequoia, Coatue, Paradigm, General Atlantic",New York City (also Tel Aviv),"~900-1,000+","Institutional crypto custody, wallet, and transfer infrastructure (secures $10T+ across 300M wallets, 2,400+ institutions)","Primarily security/infra (MPC, key management); not an 'AI company'","Oct 2025: Fireblocks Trust Company (NYDFS-chartered) signed Bakkt, FalconX, Galaxy for qualified custody; Sep 2025 stablecoin payments network",fireblocks.com,1
Fora Travel,growth (Series C),"~$78.5M total over 4 rounds; $40M Series C led by Thrive Capital (Apr 2025); backers Insight Partners, Forerunner, Heartcore","New York, NY",~150-300 employees,"Modern travel-agency platform that lets anyone become a travel advisor, with tech and community to streamline bookings and commissions (1B+ in bookings, 92 countries).","AI agents and data to assist advisors - recommendations, automation and data products that boost advisor productivity.","$40M Series C (Apr 2025, Thrive Capital) to expand offerings for new advisors.",https://foratravel.com,1
Fortune,Private media company (mature),Privately held (owner Chatchaval Jiaravanon),"New York, NY","~360 editorial / ~2,900 broader ops","Global business media — Fortune magazine, Fortune.com, Fortune 500 rankings, conferences",Limited/early — AI-powered audio articles (Trinity Audio); AI-driven content tooling,Cut ~10% of staff (July 2025) amid AI-driven restructuring,https://fortune.com,1
Gartner,public (NYSE: IT),public; 2025 revenue ~$6.5B (+4%),"Stamford, CT","~21,000 employees","Enterprise technology research & advisory firm selling subscription access to analysts, research and peer networks.",AskGartner AI tool for accessing proprietary insights; building an internal AI platform to deliver research and advisory faster.,Rollout of AskGartner and AI-platform investments amid debate over AI's impact on the research-advisory model.,https://www.gartner.com,1
Gen,"Public (NASDAQ: GEN, formerly NLOK)",Public; formed via NortonLifeLock + Avast $8.1B merger; acquired MoneyLion ~$1B (closed Apr 2025),"Tempe, AZ and Prague, Czech Republic (dual HQ)","~3,000+","Consumer cyber-safety and digital-freedom company (Norton, Avast, LifeLock, Avira, AVG, CCleaner, MoneyLion)",'Gen AI Foundry' trust layer; Norton 'Family Assistant' secure AI agent; AI-enhanced security; MoneyLion AI financial platform,MoneyLion acquisition closed (Apr 2025) and launch of Norton Family Assistant AI agent (2025-26),https://www.gendigital.com,4
Goldman Sachs,public (NYSE: GS),Public; leading global investment bank and asset/wealth manager,"New York, NY","~46,000 employees","Global investment banking, securities, and asset & wealth management firm","Firmwide GS AI assistant, generative AI in engineering and AWM workflows, ML across trading/risk and client tooling",2025-2026: scaled internal GenAI assistant to tens of thousands of employees; expanding AI in asset & wealth management,https://www.goldmansachs.com,1
Google,"public (NASDAQ: GOOGL, Alphabet)",Public; Alphabet ~$2T+ market cap,"Mountain View, CA (NYC office for these roles)","~180,000+ employees","Global tech giant spanning Search, Ads, Cloud, Android, YouTube and AI.","Gemini models, Vertex AI / Cloud AI agent platforms, Google Labs generative media (Imagen, Veo), agentic Search/Maps.","2025-2026 push of Gemini-powered agentic features across Search, Maps, Cloud (Agentspace/agent platforms) and generative media in Google Labs.",https://google.com,6
Gradial,Growth (Series B; ~$350M valuation),"Raised $13M (May 2025) and $35M Series B (Dec 2025, led by VMG Partners; Madrona, Pruven). ~$55M total; ~$350M valuation.","Seattle, WA (remote-friendly; NYC role remote)",~50-100 employees (est.),"Agentic AI platform automating enterprise marketing operations / content supply chain (CMS authoring, brand redesigns, QA, campaign ops).","AI agents plugging into existing marketing/CMS systems to automate content workflows; deployed at Fortune 1000 (AWS, T-Mobile, Prudential).",Raised $35M Series B (Dec 2025) led by VMG Partners; T-Mobile reports 80%+ time-to-market reduction.,https://www.gradial.com,1
Gusto,"Late-stage private (pre-IPO, growth)","~$175M Series F at $10B val (General Catalyst, CapitalG, T. Rowe Price); $200M+ 2025 tender at $9.3B (Ontario Teachers'); ~$975M revenue 2025","San Francisco, CA","~4,000","Cloud payroll, benefits and HR platform for 400k+ SMBs",AI generates ~50% of new code and handles ~50% of support; payroll runnable inside ChatGPT/Claude/Slack via app integrations; Anthropic CTO joined board (Dec 2025),Crossed $1B revenue and shipped AI-native agentic payroll interfaces (2025-26),https://gusto.com,6
hackajob,Private growth-stage (recruitment marketplace/staffing intermediary),"~$42M raised; $25M Series B (May 2023). Investors: Volition Capital (lead), Salica, British Business Bank, AVP, Foresight","London, UK (US recruiting ops)",~150-250 in-house,AI-powered tech-talent marketplace/staffing platform; these roles are posted ON BEHALF of client employers (titling/grades match a large bank such as BNY),'Archer' AI sourcing agent; in-house AI agents for talent matching,2025: launched Archer AI sourcing agent; published 'Building AI at hackajob',hackajob.com,8
Headway,"Growth startup (unicorn, Series D)","$100M Series D (Jul 2024) at $2.3B valuation; ~$326M total. Investors: Spark, Thrive, a16z, GV, Accel",New York City,~500-600 (rapid growth),"Three-sided mental-health marketplace connecting patients, therapists/providers, and insurance",Human-AI collaboration to streamline provider workflows; acqui-hired AI talent from Tezi,2025: integrated primary-care referrals (10K referrals piloted); Tezi AI acqui-hire to build AI platform,headway.co,1
HelloFresh,Public (Frankfurt: HFG),Public; ~€7-8B annual revenue.,"Berlin, Germany (large US ops; NYC team)","~20,000+ employees","Global meal-kit and ready-to-eat subscription company (HelloFresh, Factor, Green Chef).","Growth/marketing AI, audience and signal optimization, personalization, and ML-driven demand/forecasting.",Continued shift toward ready-to-eat (Factor) and investment in first-party data / signal optimization for paid marketing (2025).,https://www.hellofresh.com,2
Hinge,"Owned by Match Group (public, NASDAQ: MTCH); Hinge is fastest-growing brand",Part of Match Group (public),New York City,Hinge ~400-500,Relationship-focused dating app ('designed to be deleted') with subscription + a la carte monetization,"AI-driven matching/recommendations, ML profile ranking, AI features to improve dating outcomes",2025-26: continued Hinge-led growth for Match Group; investment in AI matching and 'dating outcomes',hinge.co,2
Hitachi Vantara,"public (subsidiary of Hitachi, TSE: 6501)",Public parent (Hitachi); large enterprise tech company,"Santa Clara, CA","~10,000+ employees","Enterprise data infrastructure and digital/IoT solutions company providing storage, data management, and AI/data platforms.","AI platforms for enterprise data, Hitachi iQ (AI infrastructure with NVIDIA), data fabric and operational/industrial AI.",2025 expansion of Hitachi iQ AI infrastructure and enterprise GenAI/data-platform offerings.,https://hitachivantara.com,1
Hopper,Late-stage growth (pre-IPO),~$740M+ total raised; largest $175M Series G (Aug 2021); ~$5B valuation (2022); exploring IPO at ~$10B target,"Montreal, Canada (remote-distributed)","~1,000-1,200",Consumer travel app plus HTS B2B division white-labeling Hopper's pricing/fintech products,"Predictive price-forecasting ML (core IP) and fintech-as-a-service add-ons (price freeze, cancel-for-any-reason)",Jan 2025 reports of long-term IPO planning at ~$10B target; HTS B2B push,https://www.hopper.com,1
HUMAN,growth (late-stage private),"$50M+ growth round (Oct 2024) led by WestCap, with Goldman Sachs, ClearSky, NightDragon, Vertex Ventures US; total raised well over $200M","New York, NY",~500-700 employees,"Cybersecurity company that verifies the humanity of digital interactions, defending brands from bots, fraud and account abuse.","ML/behavioral analysis, device fingerprinting and botnet detection; verifies 20T+ interactions/week across ads, e-commerce and security.",Named #1 vendor in G2 Winter 2026 Bot Detection & Mitigation grid; continued Sightline platform expansion.,https://humansecurity.com,2
Incedo Inc.,private (digital/AI consulting & engineering services),private; ~$800M revenue,"US (Boston/NJ area) with large India delivery; 4,000+ people","~4,000+ employees","AI & data transformation consulting/engineering firm serving Fortune 500 (wealth mgmt, banking, telecom, hi-tech, life sciences).","Incedo Lighthouse AI platform; AI Digital Consultant for Wealth Management (diagnose, forecast, next-best-action).",2025 expansion of AI products incl. AWS Marketplace AI Digital Consultant for Wealth Management.,https://www.incedoinc.com,1
Innovid,"private (acquired by Mediaocean, Feb 2025; formerly NYSE: CTV)",Acquired by Mediaocean for ~$500M EV (2025); now Mediaocean's unified ad-tech brand,"New York, NY","~1,000+ employees (combined Innovid/Flashtalking)","Independent omnichannel ad-tech platform for CTV, digital, social, and linear advertising","AI/ML for ad creative optimization, measurement, and identity resolution across screens; 'always-on intelligence' for ad spend",2025: Mediaocean completed acquisition and unified Innovid + Flashtalking under the Innovid brand as an independent ad-tech platform,https://www.innovid.com,1
Intuit,Public (NASDAQ: INTU),Public; ~$16B+ annual revenue.,"Mountain View, CA (NYC presence)","~18,000+ employees","Financial software: TurboTax, QuickBooks, Credit Karma, Mailchimp.","GenOS platform, AI agents ('Intuit Assist'), and ML across tax/accounting; major bet on agentic AI for SMB and consumer finance.",Rolling out agentic AI ('done-for-you' experiences) across QuickBooks and TurboTax (2025-2026).,https://www.intuit.com,1
Ironclad,Late-stage private (pre-IPO),"~$333M total; $150M Series E (2022, Franklin Templeton) at $3.2B valuation. Accel, Sequoia, YC, BOND","San Francisco, CA",~752,"AI-powered contract lifecycle management (CLM) - create, negotiate, sign, manage contracts for legal/business teams","Agentic architecture - Intake Agent, Redlining Agent, Conversational Search, Ironclad Assistant (autonomous contract tasks)",Jan 2026: hit $200M ARR (+34% YoY); launched autonomous Ironclad Assistant; Gartner MQ + Forrester Wave leader,ironcladapp.com,1
Jefferies,public (NYSE: JEF),Public; global investment bank,"New York, NY","~7,000+ employees","Global investment banking and capital-markets firm providing advisory, trading and research.","Internal AI/data-science transformation - deploying AI/ML and GenAI to support trading, research and operations.",2025 build-out of internal AI capabilities and data-science teams across the firm.,https://jefferies.com,1
Jobot,"Profitable private growth company (employee-owned ESOP, bootstrapped)",None institutional (effectively self-funded),"Irvine, CA","~500-1,300",AI-augmented recruiting/staffing & consulting firm pairing proprietary AI with human recruiters,'Jax' AI job-matching engine; 'Jeni' AI recruiting assistant,Launched Jeni AI recruiting assistant (2025-26),https://jobot.com,1
JPMorganChase,public (NYSE: JPM),Public; largest U.S. bank by assets (~$4T),"New York, NY","~310,000 employees","Global banking, financial services, and payments giant","Firmwide AI/ML at scale: LLM Suite, fraud/risk ML platforms, applied AI across CIB, payments, identity, and advisor tools; thousands of AI use cases in production",2025-2026: expanded firmwide generative-AI deployment (LLM Suite to ~200K+ employees) and heavy investment in applied-AI and AI-risk product orgs,https://www.jpmorganchase.com,9
Justworks,"growth (late-stage private, Series E; pulled 2022 IPO)","Series E; backed by Index Ventures, Bain Capital Ventures, Redpoint, Thrive; ~$2B valuation (2022)","New York, NY","~1,000+ employees (co-employs ~140K via PEO)","Cloud HR/PEO platform handling payroll, benefits, compliance and HR for small and mid-sized businesses.",AI/automation in internal operations and product (Product Ops AI & Systems role); partner and advisor channels.,Cut ~200 staff in Feb 2025; targeting return to profitability by early 2027.,https://justworks.com,3
Kensho Technologies,subsidiary of S&P Global (NYSE: SPGI),acquired by S&P Global in 2018 (~$550M); now S&P Global's AI hub,"Cambridge, MA / New York, NY",~100-300 employees (within S&P Global),S&P Global's AI engine: ML/NLP building blocks and enterprise data-retrieval for finance and business.,"Agentic workflows, data retrieval APIs, Kensho Link/Classify/Extract/Scribe, S&P AI Benchmarks; LLM/NLP for finance.",Continued expansion of agentic data-retrieval and AI products across S&P Global through 2025-2026.,https://kensho.com,1
Kroll,private (independent risk & financial advisory firm),Private (backed by Stone Point Capital & others); global advisory firm,"New York, NY","~6,500+ employees","Global risk and financial advisory firm (valuation, restructuring, cyber, investigations)","AI Risk Consulting practice, Kroll Decision Intelligence (data science + AI), new tech/AI-leveraged advisory practices",2025-2026: launched new technology/AI practices and expanded AI Risk Consulting to accelerate decision-making,https://www.kroll.com,1
LangChain,Growth-stage startup (unicorn),"$125M Series B at $1.25B val (Oct 2025, IVP-led; Sequoia, Benchmark, CapitalG, ServiceNow/Workday/Cisco/Datadog/Databricks); ~$260M total raised; ~$16M ARR","San Francisco, CA",~325,Open-source framework and platform for building LLM apps and AI agents ('the platform for agent engineering'),"LangChain (framework), LangGraph (agent orchestration/memory), LangSmith (observability/eval) — pure-play AI agent devtools",Hit unicorn status with $125M Series B (Oct 2025),https://www.langchain.com,2
Legora,Growth (Series D; ~$5.55B valuation),"Raised $80M Series B, $150M Series C (Oct 2025, $1.8B val), $550M Series D (2026, $5.55B val, led by Accel). Investors: Benchmark, ICONIQ, General Catalyst, Y Combinator, Nvidia, Atlassian.","Stockholm, Sweden (US HQ New York, opened 2025)",~300+ employees (est.),"Collaborative AI platform for legal work — research, review, and drafting for law firms and in-house teams (used by 800+ firms).","LLM/agent-driven legal research, document review, and drafting; document AI at the core. Competes with Harvey.",Raised $550M Series D (2026) at $5.55B; rapid US expansion from NYC into Houston and Chicago.,https://legora.com,1
LinkedIn,"Public (subsidiary of Microsoft, NASDAQ: MSFT)",Public; part of Microsoft,"Sunnyvale, CA (major NYC office)","~17,500 (~5% reduction in 2026 AI restructuring)",Professional networking + hiring/marketing/learning marketplace (~1B+ members),"LinkedIn AI agents, AI hiring tools, AI labor marketplace, new paid 'Advice Sessions' consultations",May 2026: launched paid consultations / Advice Sessions + AI hiring tools; ongoing AI-driven restructuring,linkedin.com,1
LSEG,"public (LSE: LSEG, London Stock Exchange Group)",Public; global financial-markets infrastructure and data company,"London, UK (NYC office)","~25,000+ employees","Financial markets infrastructure and data provider (LSE exchange, Refinitiv data, analytics and trading platforms).",AI across financial data and analytics; partnership with Microsoft to embed GenAI/Copilot in Workspace and data products.,2025 continued rollout of Microsoft-partnered GenAI features across LSEG Workspace and data analytics.,https://lseg.com,1
MarketAxess,Public (NASDAQ: MKTX),Public,"New York, NY","~900-1,000 staff",Leading electronic trading platform for global fixed-income (bonds/credit),CP+ AI algorithmic pricing engine (extended to munis); X-Pro AI analytics platform; Mid-X AI predictive-pricing sessions,AI-powered Mid-X for US credit and CP+ expansion to muni bonds (2025-26),https://www.marketaxess.com,1
MDCalc,"startup (small, profitable-ish content/SaaS)",largely bootstrapped; minimal disclosed funding (seed),"New York, NY",~11-50 employees,Point-of-care clinical decision-support platform: 800+ medical calculators/scores used widely by clinicians.,Exploring LLM-powered clinical calculator/chatbot experiences grounded in evidence-based content.,Growing commercial/enterprise offering; AI/LLM exploration around clinical decision support (2025).,https://www.mdcalc.com,1
Mercury,growth (late-stage private),"~$700M+ total; latest $200M at $5.2B valuation (May 2026, TCV-led; Sequoia, a16z, Coatue); Series C $300M (2025)","San Francisco, CA (role in NYC)","~1,500-1,600 employees",Banking and financial-stack platform for startups and businesses,API & agentic banking — enabling AI agents to interact with banking/financial workflows; AI in product and operations,"2026: received conditional OCC approval toward a federal bank charter; $650M annualized revenue, profitable; $5.2B valuation",https://www.mercury.com,1
Mesh,Growth (Series C; ~$1B valuation / unicorn),"Raised $82M Series B (Mar 2025, led by Paradigm), additional from PayPal Ventures & Coinbase Ventures (Aug 2025), $75M Series C (late 2025, $1B val). ~$200M+ total.","San Francisco, CA (remote-friendly; role is US remote)",~150-250 employees (est.),Building the first global crypto payments network connecting exchanges/wallets; SmartFunding lets users pay with crypto while merchants settle in stablecoins.,Limited direct AI; core is payments/crypto infrastructure. Some AI in fraud/risk and connectivity tooling.,"Closed $75M Series C reaching $1B unicorn valuation (late 2025); partners include MetaMask, Shift4, Revolut.",https://www.meshpay.com,1
Metropolis Technologies,"Growth (late-stage private, near-IPO scale)","Nov 2025: $1.6B ($1.1B debt + $500M Series D equity) at ~$5B valuation. Investors: Eldridge, BDT & MSD","Santa Monica / Los Angeles, CA (NYC office)","~23,000 (post SP Plus acquisition; ~2,000 core tech/corporate)",AI computer-vision platform for checkout-free parking payments; largest US parking network,Vehicle recognition / computer vision; 'remembered commerce' / recognition-commerce ambitions beyond parking,Nov 2025 $1.6B raise to expand AI recognition-commerce beyond parking into retail,metropolis.io,1
Microsoft AI,public (NASDAQ: MSFT),Public; Microsoft is one of the world's largest companies,"Redmond, WA (NYC office for this role)","Microsoft ~220,000 employees; Microsoft AI is the consumer-AI division",Microsoft's consumer-AI division (under Mustafa Suleyman) building Copilot and Microsoft's in-house frontier models.,"Copilot consumer app and M365 Copilot, in-house MAI models (MAI-Voice-1, MAI-1, MAI-Image-1), personalized agentic assistant.",Aug-Oct 2025 launch of first in-house MAI models; March 2026 Copilot leadership reorg (Jacob Andreou leads Copilot; Suleyman focuses on models).,https://microsoft.com/ai,1
Modular,Growth-stage AI infra startup,"$250M Series C (Sept 2025) at $1.6B post-money (US Innovative Technology Fund; GV, General Catalyst, Greylock); ~$380M+ total raised","Mountain View, CA",~366,AI infrastructure company building a unified compute layer for AI model deployment across hardware,Mojo programming language (Python-superset for AI/HPC) and MAX platform (inference/serving stack),$250M Series C at $1.6B valuation (Sept 2025),https://www.modular.com,1
Monark Markets,startup (seed/early),"~$11.7M total (Feb 2026 $8.1M led by F-Prime; earlier $2.2M seed led by Garuda Ventures; Commerce Ventures, BBAE)","New York, NY",~10-30 employees (early-stage),"Alts-as-a-Service: API infrastructure embedding private-market access (pre-IPO, real estate, private credit) into other platforms.",Primarily fintech infra/API (not AI-first); focus on standardized rails for private markets.,Partnership with Apex Fintech Solutions to open private markets to retail; $8.1M raise (Feb 2026) to scale distribution.,https://monark-markets.com,1
MongoDB,public (NASDAQ: MDB),"public; FY2025 revenue ~$2.01B, Q3 FY26 revenue $628M (+19% YoY), Atlas ~75% of revenue","New York, NY","~5,000-6,000 employees; 65,200+ customers",Developer data platform; document database delivered mainly via the managed Atlas cloud service.,"Atlas Vector Search, semantic search, RAG; acquired Voyage AI for embedding/retrieval models to support trustworthy AI apps.",Voyage AI integration; vector/search brought to Community Edition & Enterprise Server; stock up ~38% in 2025 on AI-workload positioning.,https://www.mongodb.com,4
Moody's Corporation,public (NYSE: MCO),"Public; ratings + analytics giant, ~$7B+ revenue","New York, NY","~16,000 employees","Credit ratings, risk data, and analytics (Moody's Ratings & Moody's Analytics)","GenAI research assistant (Moody's CoPilot/Research Assistant), AI over credit/risk data, AI-driven analytics products",2025-2026: expanded generative-AI assistants and AI-powered data products across Moody's Analytics,https://www.moodys.com,1
Morgan Stanley,public (NYSE: MS),public; global investment bank & wealth/asset manager,"New York, NY","~80,000 employees","Global financial services firm: investment banking, wealth management, asset management and trading.",Enterprise GenAI (AI @ Morgan Stanley Assistant/Debrief built with OpenAI) for advisors; AI/data products & platforms across the firm.,Continued rollout of OpenAI-powered advisor tools and firm-wide AI transformation strategy through 2025-2026.,https://www.morganstanley.com,2
Motion Recruitment,Private (IT staffing/recruiting agency; 30+ years),Privately held (part of Motion Recruitment Partners); not VC-funded.,"Boston, MA (16 North American cities)","~1,000+ employees (est.)",IT/tech staffing agency placing mid-to-senior tech talent (incl. product/UX) at client companies; the actual role is at an undisclosed client.,N/A directly — places AI/product talent at client firms.,Active 2025-2026 placing AI/technical PM roles for NYC clients.,https://motionrecruitment.com,1
Moxxi Digital,"Bootstrapped, small NYC performance-marketing/adtech firm (small/intermediary-ish)",None disclosed (self-funded),New York City,Small (est. <50),Digital performance-marketing / adtech connecting media partners and advertisers on a pay-for-performance basis,"'AI-native automations,' ad-serving and audience-management optimization",2025-26: actively hiring AI product roles; founder-led (Morris Laniado),moxxidigital.com,1
Newrez,"public subsidiary (of Rithm Capital, NYSE: RITM)",Wholly-owned subsidiary of Rithm Capital; public parent,"Fort Washington, PA (NYC-area roles)","~5,000+ employees","Top-5 US mortgage originator and servicer (~$878B servicing UPB), subsidiary of Rithm Capital.",Modernizing mortgage servicing with AI; deploying Valon's AI-native servicing platform; digital borrower experience.,"2025: $1.1B pretax income, servicing portfolio to ~$878B UPB; Rithm expanding Valon stake for AI-native servicing at Newrez.",https://newrez.com,1
NTT DATA North America,Subsidiary of public NTT DATA Group (Tokyo),Public parent (part of NTT Group),"Plano, TX (parent Tokyo)","Global ~190,000","Global IT services — consulting, data & AI, industry solutions, app/infra/managed services","'tsuzumi' LLM family (tsuzumi 2, Oct 2025); private/secure GenAI; partnerships with NVIDIA and Mistral; GenAI Connector",tsuzumi 2 LLM release (Oct 2025); Leader in Everest private-cloud PEAK Matrix 2025,https://us.nttdata.com,1
NVIDIA,public (NASDAQ: NVDA),Public; one of the world's most valuable companies (multi-trillion market cap),"Santa Clara, CA","~30,000+ employees",GPU and accelerated-computing leader powering the AI era,"Full AI stack: GPUs, CUDA, NIM microservices, Nemotron open models, AI infrastructure software, and developer platforms",2025: launched/expanded Nemotron open-model coalition and AI-infrastructure software; deep partnerships across the AI ecosystem,https://www.nvidia.com,2
Open Systems Technologies,Private (staffing/recruiting firm; established 1990),Privately held; not VC-funded. ~30+ years in business.,"New York, NY",~200-500 employees (est.),IT/technology staffing and recruiting firm serving financial services and tech clients; roles are likely contract/placement at a client.,N/A directly — places AI/product talent at client companies (the actual roles are at unnamed client firms).,Continues to recruit AI and product talent for NYC financial/tech clients (2025-2026).,https://www.opensystemstech.com,2
OpenAI,"growth (capped-profit, late-stage private)",tens of billions raised; major Microsoft backing; ~$300B+ valuation range (2025),"San Francisco, CA (NYC office)","~3,000+ employees","Frontier AI lab; builds GPT models, ChatGPT, the API platform and enterprise AI products.","Frontier LLMs, agents, ChatGPT Enterprise, API platform; deploying AI across consumer and enterprise.",Continued model releases and rapid enterprise/agent product expansion through 2025-2026.,https://openai.com,1
Parloa,growth (Series D unicorn),"~$562M total; Series D $350M (Jan 2026) at $3B valuation (General Catalyst-led; EQT, Altimeter)","Munich, Germany (+ New York office)",~300+ employees,Agentic-AI platform for customer experience / contact centers,Agentic AI for customer service — AI voice/chat agents that resolve customer interactions end-to-end at enterprise scale,Jan 2026: tripled valuation to $3B with $350M Series D; surpassed $50M ARR with 150% net revenue retention,https://www.parloa.com,1
Pathos,Growth (Series D; ~$1.6B valuation),"Raised $365M Series D (May 2025), ~$1.6B post-money valuation. ~$400M+ total. Backed by major life-sciences/AI investors.","New York, NY (and Chicago)",~150-300 employees (est.),AI-enabled oncology drug development — builds a multimodal foundation model (PathOS) on clinical/molecular/imaging data to accelerate trials.,"Proprietary oncology foundation model; multimodal data platform for biomarker discovery, trial design, and asset selection.",Closed $365M Series D (May 2025); partnered with AstraZeneca and Tempus AI (~$200M data/model deal).,https://www.pathos.com,1
PatientNow,"Growth (PE-backed, mature SaaS)",PE-backed (amounts not public),"Denver, CO (Brooklyn presence)",~120-250,"EMR + practice-management + patient-acquisition/engagement software for med spas, plastic surgery, dermatology, aesthetics","Patient acquisition/engagement automation, CRM; expanding via integrations",Mar 2025 Keri Gohman named CEO; Oct 2025 acquired Recura; integration with Aesthetix CRM,patientnow.com,1
Pax8,"growth (Series E, ~$1.7B valuation)","~$344M-$395M total over 12 rounds; $185M (2022, SoftBank Vision Fund 2); ~$1.7B valuation; backers incl. Blue Cloud Ventures, HSBC","Greenwood Village, CO (remote-friendly)","~1,500+ employees",Cloud commerce marketplace connecting MSPs (managed service providers) with cloud software vendors to sell to SMBs.,AI and enablement in the Pax8 Marketplace; platform engineering for a global cloud commerce platform.,2025 expanded Microsoft alliance - among first partners to integrate with Microsoft Marketplace; launched MSP growth plan.,https://pax8.com,1
Pendo.io,"Late-stage growth (unicorn, pre-IPO)","~$356M-$468M total; $150M Series F (B Capital, Silver Lake Waterman) + $110M secondary (Thoma Bravo) at $2.6B val; ~$300M ARR","Raleigh, NC",~996,"Product-experience platform — product analytics, in-app guides, session replay, feedback, digital adoption",'Pendo Simon' ML insights plus new agent analytics (analytics for AI agents) and AI-driven insights,Expansion into agent analytics and AI-insights rollout (2025-26),https://www.pendo.io,1
Permutive,growth (Series C),"~$116M total over 4 rounds; $75M Series C led by SoftBank Vision Fund 2 (EQT Ventures, Octopus, ACE)","London, UK (NYC office)",~109 employees,"Privacy-first data platform unifying clean room, curation and first-party data activation for publishers & advertisers.","AI-driven audience modeling and proprietary taxonomy to build curated, privacy-safe targeting packages.","2025 focus on curation, data collaboration and GenAI in advertising; clean-room across 150+ publishers.",https://permutive.com,1
Pinecone,growth (Series B startup),"~$138M total; Series B $100M (2023, a16z, Menlo, ICONIQ) at $750M valuation","New York, NY (and San Mateo, CA)",~130 employees,Managed vector database for AI/ML and retrieval (RAG) applications,"Core AI infrastructure: vector search/database powering RAG, semantic search, and AI-agent memory; recently added inference/reranking","2025-2026: leadership change (founder Edo Liberty to chief scientist role, new CEO Ash Ashutosh) to scale the vector-DB business",https://www.pinecone.io,1
Posh,Startup (Series A; ~$72.5M raised across rounds),"Raised $27.5M Series A (Canapi Ventures) + strategic round (Curql, TruStage); ~$45-72.5M total. MIT-origin.","Boston, MA (NYC-metro role)",~100-150 employees (est.),"Conversational AI for banks and credit unions — voice and chat assistants handling member interactions, FAQs, transactions, and identity verification.","Purpose-built conversational/agentic AI for financial institutions across voice, digital, training, and knowledge channels; 100+ FI clients.",Expanded platform across voice/digital/knowledge channels with 200+ deployed products (2024-2025); strategic funding from credit-union investors.,https://www.posh.ai,1
Prime Video & Amazon MGM Studios,Public (NASDAQ: AMZN),Public (mega-cap),"Seattle, WA (NYC ad-products presence)",Amazon ~1.5M+ total,Streaming video (Prime Video) + film/TV studio (Amazon MGM Studios); ad-supported streaming,"Ad targeting/measurement, applied science for ad formats, recommendation/personalization",2024-26: aggressive buildout of Prime Video Ads / streaming ad products and programmatic workflows,amazon.jobs,1
Profound,"growth (Series C, unicorn)","$155M total; $96M Series C at $1B valuation led by Lightspeed (Feb 2026); prior rounds from Kleiner Perkins (Series A), Sequoia (Series B)","New York, NY",~50-150 employees,"Answer Engine Optimization (AEO/GEO) platform that helps brands measure and influence how AI systems (ChatGPT, Gemini, Perplexity) describe them.",AI-search visibility analytics for LLM answer engines; 700+ enterprise customers including 10% of the Fortune 500.,$96M Series C at $1B valuation (Feb 2026); rapid growth as AI search disrupts traditional SEO.,https://tryprofound.com,1
Publicis Groupe,Public (Euronext Paris: PUB / OTC: PUBGY),Public; ~€14.5B net revenue FY2025,"Paris, France (major US presence via Publicis Sapient, Epsilon)","~114,000","Global advertising/marketing/communications holding company (Leo Burnett, Saatchi, Publicis Sapient, Epsilon)",'CoreAI' system unifying first-party data (Epsilon identity graph) with €300M AI investment; Adobe Firefly generative content,CoreAI rollout + expanded Adobe Firefly integration; record FY2025 results (2025-26),https://www.publicisgroupe.com,1
R/GA,private (creative/innovation agency),private (formerly part of IPG; spun out/independent),"New York, NY","~1,000+ employees globally","Digital creative & innovation agency building brand experiences, products and platforms for clients.",AI product/innovation practice: building GenAI-powered creative tools and client products.,2025 expansion of AI products/innovation services as part of agency repositioning.,https://www.rga.com,1
Red Ventures,"Private, large PE-backed holding company","Backed by Silver Lake, ICONIQ Growth, Sofina, Lead Edge; operates as portfolio holdco (no typical rounds), ~$2B+ revenue","Fort Mill, SC (Charlotte metro); major NYC presence","~3,000","Digital marketing/commerce holdco building & monetizing high-intent content sites (CNET, Bankrate, The Points Guy)","AI for SEO/content at scale, conversion optimization, personalization; internal AI upskilling",2025: continued AI integration across content brands for targeting precision and personalization,redventures.com,2
Reflection,growth (well-funded AI lab startup),"$2B at $8B valuation (Oct 2025; Nvidia, Sequoia, Lightspeed, CRV, DST, Eric Schmidt); earlier $130M (2025)","New York, NY",~50-100 employees (estimate),"Open-frontier AI lab building superintelligent, open-source AI models (Western answer to DeepSeek)","Frontier open-source LLMs, autonomous coding systems/agents; part of NVIDIA's Nemotron open-model coalition",Oct 2025: raised $2B at $8B valuation; plans first open-source frontier model release in 2026,https://reflection.ai,1
Robinhood,public (NASDAQ: HOOD),Public; large-cap fintech,"Menlo Park, CA (NYC presence)","~2,500+ employees","Commission-free investing and trading app for stocks, options, crypto and retirement, plus expanding into private markets.","Crypto trading/custody (>$51B AUC), tokenized stocks/own blockchain (Arbitrum L2), AI-assisted investing (Cortex), Robinhood Ventures private-markets fund.",2025 launch of tokenized 'Stock Tokens' in EU and own L2 blockchain; rapid crypto expansion under friendlier US regulation (GENIUS Act).,https://robinhood.com,2
Rockstar Games,Private subsidiary of Take-Two Interactive (NASDAQ: TTWO),N/A (owned by Take-Two),"New York, NY","~2,000+ across global studios","AAA video-game developer/publisher (Grand Theft Auto, Red Dead Redemption)",No prominent public AI product; AI a contentious internal/labor topic,"GTA 6 slated for Nov 19, 2026; labor/union disputes (2025-26)",https://www.rockstargames.com,3
Rogo,Growth-stage startup (rapidly scaling),"$160M Series D (Kleiner Perkins; Sequoia, Thrive, Khosla, JPMorgan); ~$300M+ total raised","New York, NY (London office opened Jan 2026)",~100-200,"AI analyst / operating system for investment banking and finance — automates research, data analysis, deliverables",Agentic AI platform for finance ('Wall Street's first AI analyst'); domain-specific agents over financial documents/data,$160M Series D + European expansion (London) (2025-26),https://rogo.ai,2
Roku,public (NASDAQ: ROKU),"public; streaming platform & devices, growing ads business","San Jose, CA (NYC ads/sales presence)","~3,000+ employees",TV streaming platform (devices + Roku OS) monetized through advertising and the Roku Channel.,AI-driven content recommendations/personalization; OneView DSP using first-party audience data for ad targeting and activation.,2026 push on AI recommendations to cut content-discovery time; continued OneView ad-platform growth.,https://www.roku.com,2
RZR,Private (growth-stage ad-tech),Privately held; funding not publicly disclosed.,"San Francisco, CA (NYC and global offices)",~100-300 employees (est.),AI-driven mobile advertising / DSP platform — privacy-first audience discovery via contextual bidding signals and behavioral models (5M+ ad requests/sec).,"AI for audience discovery, contextual bidding, and behavioral modeling; scaling a self-serve DSP and CTV product line.",Building out a self-serve DSP and Connected TV (CTV) product line with new product leadership hires (2025-2026).,https://www.rzr.com,1
Scale AI,growth (late-stage private),"~$29B valuation after June 2025 Meta investment (~$14.3B for ~49%); prior Series F $1B (2024) led by investors incl. Accel, Amazon, Meta","San Francisco, CA (NYC presence)","~1,200-1,500 FTE (cut ~14% in mid-2025)","AI data infrastructure: training data, labeling, RLHF, model evaluation and enterprise GenAI application services.",Data Engine for training data; LLM evaluation & test/eval (incl. public-sector GenAI T&E); RLHF; enterprise GenAI deployment.,"June 2025 Meta strategic investment, founder Alexandr Wang departs to lead Meta Superintelligence Labs; Jason Droege interim CEO.",https://scale.com,3
Scaled Cognition,Startup (seed),~$21M seed led by Khosla Ventures; flagship model APT-1 built for <$11M,US-based (team distributed; details limited),Small (~20-40 est.),Builds agentic AI models purpose-trained for autonomous agents; APT-1 reportedly #1 on agentic benchmarks,Agentic foundation models / agent-native training (core product),2025: emerged with Khosla seed; APT-1 topping agentic benchmarks,scaledcognition.com,1
SecurityScorecard,Private growth/late-stage,"~$290-380M raised; ~$980M valuation. Investors: SVB, Fitch Group, Intel Capital, Riverwood, GV, Evolution Equity",New York City,~545-615,Cybersecurity ratings / supply-chain risk platform scoring companies' security posture (A-F) for third-party risk,"Agentic AI workflows for risk detection/response; LLM pipelines, retrieval, eval frameworks",Sept 2025 acquired HyperComply (AI compliance automation); record AI-driven quarter (Oct 2025),securityscorecard.com,5
Selby Jennings,private (specialist recruiting firm - Phaidon International),Private; recruiting firm (not the hiring employer),"New York, NY (global; part of Phaidon International)","Part of Phaidon International (~1,000+ across brands)","Specialist recruiting firm in banking, financial services and technology; this posting is on behalf of an undisclosed client.",Recruits engineering/data roles for fintech and trading clients; the actual role belongs to a client company.,Continues active fintech/quant/data-platform placements in 2025-2026.,https://selbyjennings.com,1
Software AG,Private; majority owned by Silver Lake (PE),"Silver Lake-controlled; webMethods+StreamSets (the iPaaS/AI integration assets) sold to IBM (€2.13B, 2024); broken into Adabas & Natural + ARIS","Darmstadt, Germany",Greatly reduced post-divestitures,Post-breakup: Adabas & Natural (mainframe DB + language) and ARIS (process mining/management),AI iPaaS asset (webMethods/StreamSets) went to IBM/watsonx; ARIS adds AI to process mining,Jan 2025 relaunch of Adabas & Natural and ARIS as standalone businesses; new Silver Lake leadership,https://www.softwareag.com,1
Solomon Page,private (staffing & executive search firm),private,"New York, NY",~hundreds of employees,Staffing/recruiting firm placing talent across industries; this PM role is for an unnamed client company.,N/A (recruiter); client's AI focus unknown from the listing.,Active across tech/financial-services placements (2025).,https://www.solomonpage.com,1
SpotOn,growth (late-stage private),"~$923M total over 9 rounds; Series F $300M (2022) at $3.6B valuation (a16z, Dragoneer, DST)","San Francisco, CA (role in NYC)","~2,600 employees","Restaurant & SMB software: payments, POS, and management tools","AI/automation in restaurant operations, analytics, and dashboard insights; data-driven merchant tooling",2025-2026: continued restaurant-tech expansion; secondary-market valuation reportedly ~$5B,https://www.spoton.com,1
Squarespace,private (PE-owned by Permira since Oct 2024),Taken private by Permira for ~$7.2B (2024); >$1B annual revenue,"New York, NY","~1,500-1,800 employees",Design-driven website builder and commerce platform for businesses and creators,"Generative-AI website/content creation woven through the builder; AI design, copy, and onboarding assistance",2024-2025: operating as a private company under Permira; continued investment in AI-powered site creation and commerce,https://www.squarespace.com,2
Stability AI,Growth (well-funded; restructured leadership),"Raised ~$225M total (incl. $101M seed 2022, ~$80M 2024); corporate-minority round Mar 2025 (WPP). Investors: Coatue, Lightspeed, Greycroft, Sound Ventures, WPP.","London, UK (US presence; role is remote LA)",~150-200 employees (est.),"Open-source generative AI for image, video, audio, and 3D (Stable Diffusion, Stable Audio).","Generative media foundation models — image/video/audio/3D — for marketing, entertainment, and gaming; the role targets Music & Audio.",New leadership (CEO Prem Akkaraju) and triple-digit growth; expansion into film/TV/enterprise and audio (2025).,https://stability.ai,1
Steneral Consulting,"IT staffing / consulting intermediary (W2 contract placement, not a direct product employer)",N/A (services firm); ~$15M annual revenue (2025),"Plano, TX",~81 across 3 continents,"IT/engineering/healthcare staffing - contract, contract-to-hire, direct-hire placements",None proprietary; places AI/PM contractors at client companies,~$15M revenue as of Sept 2025,steneral.com,1
"Syndesus, Inc.",private (small staffing / EOR firm),Private; bootstrapped staffing/PEO firm,United States / Canada (remote),~10-50 employees,Staffing and EOR/PEO firm connecting VC-backed US startups with senior remote AI/engineering talent in Canada; this posting may be for a client or for Syndesus itself.,"Places senior AI/ML engineers; internal AI agents and workflow automation (MLOps, prompt orchestration).",Continues to market 3-week placement of senior Canadian AI engineers (2025-2026).,https://syndesus.com,1
Synechron,"Private, profitable, founder-led (bootstrapped)",Private; crossed $1B annual revenue (2025); universal employee equity grant,"New York, NY","~16,000-16,500 across ~60 offices",Global digital-transformation / technology & AI consulting firm focused on financial services,FinLabs 'Ready-to-Implement' GenAI solutions; launched an AI Agents suite for financial-services workflows,Hit $1B revenue (Sept 2025) and launched GenAI AI-Agents suite (2025-26),https://www.synechron.com,1
Talener,private (tech staffing/recruiting firm),private,"New York, NY",~50-150 employees,Technology-focused staffing/recruiting firm; this Principal PM role is for an undisclosed client.,N/A (recruiter); client AI focus unknown.,Active tech recruiting across NYC/NJ (2025).,https://www.talener.com,1
Talkdesk,growth (late-stage private),"~$592M total; Series D $230M at $10B+ valuation; investors incl. Viking, TVP, Threshold","San Francisco, CA (role remote/US)","~1,400 employees",Cloud contact-center (CCaaS) platform with AI-driven customer experience,"AI for customer experience: AI agents/copilots, automation, and analytics across the contact center; forward-deployed AI offerings",2025-2026: deepened agentic-AI CX capabilities and forward-deployed AI engagements,https://www.talkdesk.com,1
Talution Group,Private (IT staffing/recruiting firm; founded 2009),Privately held staffing firm; not VC-funded.,New York / New Jersey area (est.),"Small-to-mid (~50-200, est.)","IT staffing firm placing consultants (contract/contract-to-hire/direct) in PMO, data, mobile, app dev, and Salesforce; actual role is at an undisclosed client.",N/A directly — places product/data talent at client firms.,Active 2025-2026 placing senior/staff product roles for NYC-area clients.,https://www.talution.com,1
Tatari,"Growth (private, venture-backed)","Backers: Unanimous Capital, Section 32, Jump Capital (prior rounds); ~$37M revenue (2025)",San Francisco + New York City,~300-337,Data-driven TV advertising - buys and measures ads across linear + streaming/CTV,AI expansion for measurement/optimization of TV ad spend (2025 push),2025: 'record growth and AI expansion'; key executive hire,tatari.tv,1
TEEMA,private (staffing / recruiting firm),Private; recruiting/staffing firm (not the hiring employer),Canada / US (distributed),~200-500 across network,Talent solutions and staffing firm placing tech/AI roles; this posting is on behalf of an undisclosed client.,Recruits AI/ML and product roles for client companies; the actual role belongs to a client.,Active AI/tech placements across North America (2025-2026).,https://teemagroup.com,1
Tessera Labs,"Early-stage startup (founded 2025, Series A)","$60M Series A led by Andreessen Horowitz (May 2026; Foundation Capital, Myriad, Osage)","Silicon Valley (note: NYC posting may be early/remote — the funded company is Bay Area enterprise AI, NOT the unrelated NFT 'Tessera')","Small (<50, early-stage)",Vendor-agnostic multi-agent AI platform that modernizes enterprise ERP systems ('AI-native system integrator'),"Multi-agent AI for governed, automated enterprise software migration/modernization (SAP ECC->S/4HANA, expanding to Salesforce/Workday)",$60M a16z-led Series A (May 2026); founders ex-Meta/PhD,https://www.tesseralabs.ai,1
The D. E. Shaw Group,Private (large global hedge fund / investment firm),Privately held; ~$60B+ AUM. Not VC-funded.,"New York, NY","~2,000+ employees",Quantitative and discretionary investment management firm known for technology-driven strategies.,Applied AI/ML for research and internal platforms; building AI-powered tooling for private-equity and investment workflows.,Expanding applied-AI product teams to embed LLMs/agents into investment and PE workflows (2025-2026).,https://www.deshaw.com,2
Three Pillars Recruiting,private (recruiting firm),private; client is a Salesforce Ventures-backed AI AdTech/MarTech startup,US (recruiter),recruiter; client is a rapidly-growing startup,"Recruiting firm hiring a Product Lead for a fast-growing, Salesforce Ventures-backed AI AdTech/MarTech startup.",Client is AI-native AdTech/MarTech (per the posting); applies AI to advertising/marketing.,Client is rapidly growing with Salesforce Ventures backing (2025).,N/A (recruiter; client undisclosed),1
Thresh Consulting,startup (small AI-era consulting firm),Bootstrapped / privately held (no disclosed VC funding),"New York, NY (+ Chicago, Denver)",~1-10 employees,"AI-accelerated digital product consulting (strategy, design, engineering)",Uses AI-powered workflows to accelerate product design/build/delivery for client engagements,2025-2026: positioning as a 'full-stack' AI-era digital consultancy; actively hiring senior product talent,https://threshconsulting.com,1
Twilio,Public (NYSE: TWLO),Public; ~$4.5B+ annual revenue.,"San Francisco, CA (role is US remote)","~5,000+ employees","Cloud communications platform (CPaaS) — programmable messaging, voice, email (SendGrid), and customer engagement.","ConversationRelay and AI Assistants, agentic/conversational AI for customer engagement, and Segment CDP-powered AI personalization.","Heavy push into AI/agentic customer engagement (ConversationRelay, AI Assistants) and enterprise AI (2025-2026).",https://www.twilio.com,1
Uber,public (NYSE: UBER),Public; ~$180B+ market cap,"San Francisco, CA (large NYC presence)","~31,000+ employees","Global mobility, delivery and freight marketplace connecting riders, drivers, merchants and couriers.","ML for pricing/matching/ETA, AV (autonomous vehicle) integrations and partnerships, merchant/API platforms, growth and affordability ML.",2025-2026 expansion of autonomous-vehicle and autonomous-delivery partnerships and AV integration across the platform.,https://uber.com,6
US Mobile,"Growth (profitable, founder-led; lightly funded)","~$11.5M total (Series A, Jun 2021); largely bootstrapped/profitable since",New York City,~100-200 (est.),"MVNO wireless carrier offering plans across three networks - Warp (Verizon), Light Speed (T-Mobile), Dark Star (AT&T)",Consumer telecom platform; AI in support/ops (not core); strong product/eng culture,2025: multi-network expansion + teased Starlink satellite bundle,usmobile.com,1
Valon,growth (Series C),~$230M+ total; $100M Series C (Oct 2024) led by WestCap and Andreessen Horowitz,"New York, NY",~300-500 employees,AI-native mortgage-servicing platform and homeownership super-app modernizing how mortgages are serviced.,AI-native servicing platform automating mortgage operations; Rithm Capital expanding its stake to deploy Valon's platform at Newrez.,2025: Rithm expanding equity stake to deploy Valon's AI-native servicing platform at Newrez; scaling product infrastructure.,https://valon.com,1
WalkMe,"Wholly-owned subsidiary of SAP (acquired ~$1.5B, completed Sept 2024)",Acquired by SAP for ~$1.5B ($14/share all-cash); formerly NASDAQ: WKME,"Tel Aviv, Israel + San Francisco (now within SAP)","~1,000+ (integrated into SAP)","Digital Adoption Platform (DAP) — guidance, automation and analytics overlaid on enterprise software",WalkMeX copilot (context-aware in-workflow guidance/automation); now powering SAP's Joule copilot with cross-app context,Post-acquisition integration into SAP (alongside Signavio/LeanIX); WalkMeX feeding SAP Joule (2025-26),https://www.walkme.com,1
Warner Bros. Discovery,public (NASDAQ: WBD),Public; large media conglomerate,"New York, NY","~35,000+ employees","Global media and entertainment company (HBO Max/Max, Warner Bros studios, Discovery, CNN, TNT Sports).","Streaming personalization and search, ad experience/ad-tech, recommendation ML, content discovery.",2025-2026 Max streaming growth and the announced split of WBD into Streaming/Studios vs. Global Networks businesses.,https://wbd.com,4
Weights & Biases,acquired (now part of CoreWeave),"acquired by CoreWeave (NASDAQ: CRWV) for ~$1.7B, completed May 2025; prior VC raised ~$250M+ (Coatue, Insight, etc.)","San Francisco, CA (NYC presence)",~300-400 employees (within CoreWeave); 1M+ AI engineers use the platform,"AI developer platform for experiment tracking, model training, evaluation and monitoring (MLOps/LLMOps).","Core MLOps/LLMOps tooling: experiment tracking, training infra, model eval (Weave), now paired with CoreWeave's GPU cloud.",May 2025 CoreWeave acquisition completed; building end-to-end train/tune/deploy platform; CoreWeave acquired Marimo to extend devtools.,https://wandb.ai,1
Workiva,public (NYSE: WK),Public; FY2025 revenue ~$885M (+20% YoY),"Ames, IA (role in NYC, hybrid)","~3,000+ employees","Cloud platform for financial reporting, ESG/sustainability, audit, risk & compliance","Workiva AI — generative-AI assistants embedded in reporting/audit/risk workflows on a secure, audit-ready platform","2025: launched Workiva AI, repositioning the platform around AI for finance/audit/risk/ESG; serves 6,600+ orgs (85%+ of Fortune 1000)",https://www.workiva.com,1
Zeta Global,Public (NYSE: ZETA),"Public; ~$1.3B revenue (2025), ~30% YoY growth.","New York, NY (role is remote)","~2,500+ employees","AI-powered marketing cloud — unifies identity, data, intelligence, and omnichannel activation on a large proprietary consumer database.","AI Marketing Cloud using trillions of consumer signals for acquisition, growth, and retention; identity resolution and AI-driven personalization.",Acquired Marigold's enterprise software business (Nov 2025); raised 2025/2026 guidance on the strength of AI + loyalty/omnichannel.,https://zetaglobal.com,1
